Order,Library Name,Library Label,Sample Name,Barcode Sequence i7,Library Adapter i7,Condition,Day of cell harvesting,Timepoint of cell harvesting,cell line,cell line (easy name),techincal replicate,organism,Experiment_Name,DNase I treated sample Yes/No
1,R0108,R0108,4,CAGCGT,7001,Tumor_only,Day 4,timepoint 1,p185#15M,C,1,mouse,EXP 9.4,Y
2,R0108,R0108,5,GATCAC,7002,Tumor_only,Day 4,timepoint 1,p185#15M,C,2,mouse,EXP 9.4,Y
3,R0108,R0108,6,ACCAGT,7003,Tumor_only,Day 4,timepoint 1,p185#15M,C,3,mouse,EXP 9.4,Y
4,R0108,R0108,7,TGCACG,7004,Tumor_only,Day 4,timepoint 1,p185#15O,D,1,mouse,EXP 9.4,Y
5,R0108,R0108,8,ACATTA,7005,Tumor_only,Day 4,timepoint 1,p185#15O,D,2,mouse,EXP 9.4,Y
6,R0108,R0108,9,GTGTAG,7006,Tumor_only,Day 4,timepoint 1,p185#15O,D,3,mouse,EXP 9.4,Y
7,R0108,R0108,16,CTAGTC,7007,Tumor+NK_Day10,Day 10,timepoint 2,p185#15M,C,1,mouse,EXP 9.4,Y
8,R0108,R0108,17,TGTGCA,7008,Tumor+NK_Day10,Day 10,timepoint 2,p185#15M,C,2,mouse,EXP 9.4,Y
9,R0108,R0108,18,TCAGGA,7009,Tumor+NK_Day10,Day 10,timepoint 2,p185#15M,C,3,mouse,EXP 9.4,Y
10,R0108,R0108,19,CGGTTA,7010,Tumor+NK_Day10,Day 10,timepoint 2,p185#15O,D,1,mouse,EXP 9.4,Y
11,R0108,R0108,20,TTAACT,7011,Tumor+NK_Day10,Day 10,timepoint 2,p185#15O,D,2,mouse,EXP 9.4,Y
12,R0108,R0108,21,ATGAAC,7012,Tumor+NK_Day10,Day 10,timepoint 2,p185#15O,D,3,mouse,EXP 9.4,Y
13,R0108,R0108,25,CCTAAG,7013,Tumor+NK_Day4,Day 4,timepoint 1,p185#15M,C,1,mouse,EXP 9.4,Y
14,R0108,R0108,26,AATCCG,7014,Tumor+NK_Day4,Day 4,timepoint 1,p185#15M,C,2,mouse,EXP 9.4,Y
15,R0108,R0108,27,GGCTGC,7015,Tumor+NK_Day4,Day 4,timepoint 1,p185#15M,C,3,mouse,EXP 9.4,Y
16,R0108,R0108,28,TACCTT,7016,Tumor+NK_Day4,Day 4,timepoint 1,p185#15O,D,1,mouse,EXP 9.4,Y
17,R0108,R0108,29,TCTTAA,7017,Tumor+NK_Day4,Day 4,timepoint 1,p185#15O,D,2,mouse,EXP 9.4,Y
18,R0108,R0108,30,GTCAGG,7018,Tumor+NK_Day4,Day 4,timepoint 1,p185#15O,D,3,mouse,EXP 9.4,Y
19,R0108,R0108,34,ATACTG,7019,Tumor_only,Day 4,timepoint 1,p185#13G,A,1,mouse,EXP 9.5,Y
20,R0108,R0108,35,TATGTC,7020,Tumor_only,Day 4,timepoint 1,p185#13G,A,2,mouse,EXP 9.5,Y
21,R0108,R0108,36,GAGTCC,7021,Tumor_only,Day 4,timepoint 1,p185#13G,A,3,mouse,EXP 9.5,N
22,R0108,R0108,37,GGAGGT,7022,Tumor_only,Day 4,timepoint 1,p185#13H,B,1,mouse,EXP 9.5,Y
23,R0108,R0108,38,CACACT,7023,Tumor_only,Day 4,timepoint 1,p185#13H,B,2,mouse,EXP 9.5,N
24,R0108,R0108,39,CCGCAA,7024,Tumor_only,Day 4,timepoint 1,p185#13H,B,3,mouse,EXP 9.5,Y
25,R0108,R0108,40,TTTATG,7025,Tumor_only,Day 4,timepoint 1,p185#15M,C,1,mouse,EXP 9.5,Y
26,R0108,R0108,41,AACGCC,7026,Tumor_only,Day 4,timepoint 1,p185#15M,C,2,mouse,EXP 9.5,Y
27,R0108,R0108,42,CAAGCA,7027,Tumor_only,Day 4,timepoint 1,p185#15M,C,3,mouse,EXP 9.5,Y
28,R0108,R0108,43,GCTCGA,7028,Tumor_only,Day 4,timepoint 1,p185#15O,D,1,mouse,EXP 9.5,Y
29,R0108,R0108,44,GCGAAT,7029,Tumor_only,Day 4,timepoint 1,p185#15O,D,2,mouse,EXP 9.5,Y
30,R0108,R0108,45,TGGATT,7030,Tumor_only,Day 4,timepoint 1,p185#15O,D,3,mouse,EXP 9.5,Y
31,R0108,R0108,46,ACCTAC,7031,Tumor+NK_Day4,Day 4,timepoint 1,p185#13G,A,1,mouse,EXP 9.5,Y
32,R0108,R0108,47,CGAAGG,7032,Tumor+NK_Day4,Day 4,timepoint 1,p185#13G,A,2,mouse,EXP 9.5,Y
33,R0108,R0108,48,AGATAG,7033,Tumor+NK_Day4,Day 4,timepoint 1,p185#13G,A,3,mouse,EXP 9.5,Y
34,R0108,R0108,49,TTGGTA,7034,Tumor+NK_Day4,Day 4,timepoint 1,p185#13H,B,1,mouse,EXP 9.5,Y
35,R0108,R0108,50,GTTACC,7035,Tumor+NK_Day4,Day 4,timepoint 1,p185#13H,B,2,mouse,EXP 9.5,Y
36,R0108,R0108,51,CGCAAC,7036,Tumor+NK_Day4,Day 4,timepoint 1,p185#13H,B,3,mouse,EXP 9.5,Y
37,R0108,R0108,52,TGGCGA,7037,Tumor+NK_Day4,Day 4,timepoint 1,p185#15M,C,1,mouse,EXP 9.5,Y
38,R0108,R0108,53,ACCGTG,7038,Tumor+NK_Day4,Day 4,timepoint 1,p185#15M,C,2,mouse,EXP 9.5,Y
39,R0108,R0108,54,CAACAG,7039,Tumor+NK_Day4,Day 4,timepoint 1,p185#15M,C,3,mouse,EXP 9.5,Y
40,R0108,R0108,55,GATTGT,7040,Tumor+NK_Day4,Day 4,timepoint 1,p185#15O,D,1,mouse,EXP 9.5,Y
41,R0108,R0108,56,CTCTCG,7041,Tumor+NK_Day4,Day 4,timepoint 1,p185#15O,D,2,mouse,EXP 9.5,Y
42,R0108,R0108,57,TGACAC,7042,Tumor+NK_Day4,Day 4,timepoint 1,p185#15O,D,3,mouse,EXP 9.5,Y
43,R0108,R0108,58,AAGACA,7043,Tumor+NK_Day10,Day 10,timepoint 2,p185#13G,A,1,mouse,EXP 9.5,Y
44,R0108,R0108,59,ACAGAT,7044,Tumor+NK_Day10,Day 10,timepoint 2,p185#13G,A,2,mouse,EXP 9.5,Y
45,R0108,R0108,60,TAGGCT,7045,Tumor+NK_Day10,Day 10,timepoint 2,p185#13G,A,3,mouse,EXP 9.5,Y
46,R0108,R0108,61,CTCCAT,7046,Tumor+NK_Day10,Day 10,timepoint 2,p185#13H,B,1,mouse,EXP 9.5,Y
47,R0108,R0108,62,GCATGG,7047,Tumor+NK_Day10,Day 10,timepoint 2,p185#13H,B,2,mouse,EXP 9.5,Y
48,R0108,R0108,63,AATAGC,7048,Tumor+NK_Day10,Day 10,timepoint 2,p185#13H,B,3,mouse,EXP 9.5,Y
49,R0108,R0108,64,GTGCCA,7049,Tumor+NK_Day10,Day 10,timepoint 2,p185#15M,C,1,mouse,EXP 9.5,Y
50,R0108,R0108,65,TCGAGG,7050,Tumor+NK_Day10,Day 10,timepoint 2,p185#15M,C,2,mouse,EXP 9.5,Y
51,R0108,R0108,66,CACTAA,7051,Tumor+NK_Day10,Day 10,timepoint 2,p185#15M,C,3,mouse,EXP 9.5,Y
52,R0108,R0108,67,GGTATA,7052,Tumor+NK_Day10,Day 10,timepoint 2,p185#15O,D,1,mouse,EXP 9.5,Y
53,R0108,R0108,68,CGCCTG,7053,Tumor+NK_Day10,Day 10,timepoint 2,p185#15O,D,2,mouse,EXP 9.5,Y
54,R0108,R0108,69,AATGAA,7054,Tumor+NK_Day10,Day 10,timepoint 2,p185#15O,D,3,mouse,EXP 9.5,Y
55,R0108,R0108,70,ACAACG,7055,Tumor_only,Day 4,timepoint 1,p185#13G,A,1,mouse,EXP 9.6,Y
56,R0108,R0108,71,ATATCC,7056,Tumor_only,Day 4,timepoint 1,p185#13G,A,2,mouse,EXP 9.6,Y
57,R0108,R0108,72,AGTACT,7057,Tumor_only,Day 4,timepoint 1,p185#13G,A,3,mouse,EXP 9.6,Y
58,R0108,R0108,73,ATAAGA,7058,Tumor_only,Day 4,timepoint 1,p185#13H,B,1,mouse,EXP 9.6,Y
59,R0108,R0108,74,GGTGAG,7059,Tumor_only,Day 4,timepoint 1,p185#13H,B,2,mouse,EXP 9.6,Y
60,R0108,R0108,75,TTCCGC,7060,Tumor_only,Day 4,timepoint 1,p185#13H,B,3,mouse,EXP 9.6,Y
61,R0108,R0108,76,GAAGTG,7061,Tumor_only,Day 4,timepoint 1,p185#15M,C,1,mouse,EXP 9.6,Y
62,R0108,R0108,77,CAATGC,7062,Tumor_only,Day 4,timepoint 1,p185#15M,C,2,mouse,EXP 9.6,Y
63,R0108,R0108,78,ACGTCT,7063,Tumor_only,Day 4,timepoint 1,p185#15M,C,3,mouse,EXP 9.6,Y
64,R0108,R0108,79,CAGGAC,7064,Tumor_only,Day 4,timepoint 1,p185#15O,D,1,mouse,EXP 9.6,Y
65,R0108,R0108,80,AAGCTC,7065,Tumor_only,Day 4,timepoint 1,p185#15O,D,2,mouse,EXP 9.6,Y
66,R0108,R0108,81,GACGAT,7066,Tumor_only,Day 4,timepoint 1,p185#15O,D,3,mouse,EXP 9.6,Y
67,R0108,R0108,82,TCGTTC,7067,Tumor+NK_Day4,Day 4,timepoint 1,p185#13G,A,1,mouse,EXP 9.6,Y
68,R0108,R0108,83,CCAATT,7068,Tumor+NK_Day4,Day 4,timepoint 1,p185#13G,A,2,mouse,EXP 9.6,Y
69,R0108,R0108,84,AGTTGA,7069,Tumor+NK_Day4,Day 4,timepoint 1,p185#13G,A,3,mouse,EXP 9.6,Y
70,R0108,R0108,85,AACCGA,7070,Tumor+NK_Day4,Day 4,timepoint 1,p185#13H,B,1,mouse,EXP 9.6,Y
71,R0108,R0108,86,CAGATG,7071,Tumor+NK_Day4,Day 4,timepoint 1,p185#13H,B,2,mouse,EXP 9.6,Y
72,R0108,R0108,87,GTAGAA,7072,Tumor+NK_Day4,Day 4,timepoint 1,p185#13H,B,3,mouse,EXP 9.6,Y
73,R0108,R0108,88,GACATC,7073,Tumor+NK_Day4,Day 4,timepoint 1,p185#15M,C,1,mouse,EXP 9.6,Y
74,R0108,R0108,89,CGATCT,7074,Tumor+NK_Day4,Day 4,timepoint 1,p185#15M,C,2,mouse,EXP 9.6,Y
75,R0108,R0108,90,CGTCGC,7075,Tumor+NK_Day4,Day 4,timepoint 1,p185#15M,C,3,mouse,EXP 9.6,Y
76,R0108,R0108,91,ATGGCG,7076,Tumor+NK_Day4,Day 4,timepoint 1,p185#15O,D,1,mouse,EXP 9.6,Y
77,R0108,R0108,92,ATTGGT,7077,Tumor+NK_Day4,Day 4,timepoint 1,p185#15O,D,2,mouse,EXP 9.6,Y
78,R0108,R0108,93,GCCACA,7078,Tumor+NK_Day4,Day 4,timepoint 1,p185#15O,D,3,mouse,EXP 9.6,Y
79,R0108,R0108,94,CATCTA,7079,Tumor+NK_Day14,Day 14,timepoint 2,p185#13G,A,1,mouse,EXP 9.6,Y
80,R0108,R0108,95,AACAAG,7080,Tumor+NK_Day14,Day 14,timepoint 2,p185#13G,A,2,mouse,EXP 9.6,Y
81,R0108,R0108,96,GCAGCC,7081,Tumor+NK_Day14,Day 14,timepoint 2,p185#13G,A,3,mouse,EXP 9.6,Y
82,R0108,R0108,97,ACTCTT,7082,Tumor+NK_Day14,Day 14,timepoint 2,p185#13H,B,1,mouse,EXP 9.6,Y
83,R0108,R0108,98,TGCTAT,7083,Tumor+NK_Day14,Day 14,timepoint 2,p185#13H,B,2,mouse,EXP 9.6,Y
84,R0108,R0108,99,AAGTGG,7084,Tumor+NK_Day14,Day 14,timepoint 2,p185#13H,B,3,mouse,EXP 9.6,Y
85,R0108,R0108,100,CTCATA,7085,Tumor+NK_Day14,Day 14,timepoint 2,p185#15M,C,1,mouse,EXP 9.6,Y
86,R0108,R0108,101,CCGACC,7086,Tumor+NK_Day14,Day 14,timepoint 2,p185#15M,C,2,mouse,EXP 9.6,Y
87,R0108,R0108,102,GGCCAA,7087,Tumor+NK_Day14,Day 14,timepoint 2,p185#15M,C,3,mouse,EXP 9.6,Y
88,R0108,R0108,103,AGACCA,7088,Tumor+NK_Day14,Day 14,timepoint 2,p185#15O,D,1,mouse,EXP 9.6,Y
89,R0108,R0108,104,CGCGGA,7089,Tumor+NK_Day14,Day 14,timepoint 2,p185#15O,D,2,mouse,EXP 9.6,Y
90,R0108,R0108,106,CCTGCT,7090,Tumor_only_Day14,Day 14,timepoint 2,p185#13G,A,1,mouse,EXP 9.6,Y
91,R0108,R0108,107,GCGCTG,7091,Tumor_only_Day14,Day 14,timepoint 2,p185#13H,B,1,mouse,EXP 9.6,Y
92,R0108,R0108,108,GAACCT,7092,Tumor_only_Day14,Day 14,timepoint 2,p185#15M,C,1,mouse,EXP 9.6,Y
93,R0108,R0108,109,TTCGAG,7093,Tumor_only_Day14,Day 14,timepoint 2,p185#15O,D,1,mouse,EXP 9.6,Y
