Library Name,Library Label,Sample Name,Barcode Sequence i7,Library Adapter i7,Barcode Sequence i5,Library Adapter i5,Condition,Day of cell harvesting,Timepoint of cell harvesting,cell line,cell line (easy name),technical replicate,organism,Experiment,Comment
EXP9.5_ATAC_library,1,13G_1_Tumor_only,TAAGGCGA,Ad2.1,TCGTCGGC,Ad1_noMX,Tumor_only,Day 4,timepoint 1,p185#13G,A,1,mouse,EXP9.5,
EXP9.5_ATAC_library,2,13G_2_Tumor_only,CGTACTAG,Ad2.2,TCGTCGGC,Ad1_noMX,Tumor_only,Day 4,timepoint 1,p185#13G,A,2,mouse,EXP9.5,
EXP9.5_ATAC_library,3,13G_3_Tumor_only,AGGCAGAA,Ad2.3,TCGTCGGC,Ad1_noMX,Tumor_only,Day 4,timepoint 1,p185#13G,A,3,mouse,EXP9.5,
EXP9.5_ATAC_library,16,13H_1_Tumor_only,CCGTTTGT,Ad2.16,TCGTCGGC,Ad1_noMX,Tumor_only,Day 4,timepoint 1,p185#13H,B,1,mouse,EXP9.5,
EXP9.5_ATAC_library,17,13H_2_Tumor_only,TGCTGGGT,Ad2.17,TCGTCGGC,Ad1_noMX,Tumor_only,Day 4,timepoint 1,p185#13H,B,2,mouse,EXP9.5,
EXP9.5_ATAC_library,18,13H_3_Tumor_only,GAGGGGTT,Ad2.18,TCGTCGGC,Ad1_noMX,Tumor_only,Day 4,timepoint 1,p185#13H,B,3,mouse,EXP9.5,
EXP9.5_ATAC_library,19,15M_1_Tumor_only,AGGTTGGG,Ad2.19,TCGTCGGC,Ad1_noMX,Tumor_only,Day 4,timepoint 1,p185#15M,C,1,mouse,EXP9.5,
EXP9.5_ATAC_library,20,15M_2_Tumor_only,GTGTGGTG,Ad2.20,TCGTCGGC,Ad1_noMX,Tumor_only,Day 4,timepoint 1,p185#15M,C,2,mouse,EXP9.5,
EXP9.5_ATAC_library,21,15M_3_Tumor_only,TGGGTTTC,Ad2.21,TCGTCGGC,Ad1_noMX,Tumor_only,Day 4,timepoint 1,p185#15M,C,3,mouse,EXP9.5,
EXP9.5_ATAC_library,10,15O_1_Tumor_only,CGAGGCTG,Ad2.10,TCGTCGGC,Ad1_noMX,Tumor_only,Day 4,timepoint 1,p185#15O,D,1,mouse,EXP9.5,
EXP9.5_ATAC_library,11,15O_2_Tumor_only,AAGAGGCA,Ad2.11,TCGTCGGC,Ad1_noMX,Tumor_only,Day 4,timepoint 1,p185#15O,D,2,mouse,EXP9.5,
EXP9.5_ATAC_library,12,15O_3_Tumor_only,GTAGAGGA,Ad2.12,TCGTCGGC,Ad1_noMX,Tumor_only,Day 4,timepoint 1,p185#15O,D,3,mouse,EXP9.5,
EXP9.5_ATAC_library,25,13G_1_Tumor+NK_Day4,ACAAAGTG,Ad2.25,TCGTCGGC,Ad1_noMX,Tumor+NK_Day4,Day 4,timepoint 1,p185#13G,A,1,mouse,EXP9.5,
EXP9.5_ATAC_library,26,13G_2_Tumor+NK_Day4,TACTTGAA,Ad2.26,TCGTCGGC,Ad1_noMX,Tumor+NK_Day4,Day 4,timepoint 1,p185#13G,A,2,mouse,EXP9.5,
EXP9.5_ATAC_library,27,13G_3_Tumor+NK_Day4,GTGATAGC,Ad2.27,TCGTCGGC,Ad1_noMX,Tumor+NK_Day4,Day 4,timepoint 1,p185#13G,A,3,mouse,EXP9.5,
EXP9.5_ATAC_library,28,13H_1_Tumor+NK_Day4,AGTAGATT,Ad2.28,TCGTCGGC,Ad1_noMX,Tumor+NK_Day4,Day 4,timepoint 1,p185#13H,B,1,mouse,EXP9.5,
EXP9.5_ATAC_library,29,13H_2_Tumor+NK_Day4,ATTGCCGG,Ad2.29,TCGTCGGC,Ad1_noMX,Tumor+NK_Day4,Day 4,timepoint 1,p185#13H,B,2,mouse,EXP9.5,
EXP9.5_ATAC_library,30,13H_3_Tumor+NK_Day4,TTGCTAAG,Ad2.30,TCGTCGGC,Ad1_noMX,Tumor+NK_Day4,Day 4,timepoint 1,p185#13H,B,3,mouse,EXP9.5,
EXP9.5_ATAC_library,31,15M_1_Tumor+NK_Day4,ATAAGTTA,Ad2.31,TCGTCGGC,Ad1_noMX,Tumor+NK_Day4,Day 4,timepoint 1,p185#15M,C,1,mouse,EXP9.5,
EXP9.5_ATAC_library,32,15M_2_Tumor+NK_Day4,ATCACTCG,Ad2.32,TCGTCGGC,Ad1_noMX,Tumor+NK_Day4,Day 4,timepoint 1,p185#15M,C,2,mouse,EXP9.5,
EXP9.5_ATAC_library,33,15M_3_Tumor+NK_Day4,GTTAACAG,Ad2.33,TCGTCGGC,Ad1_noMX,Tumor+NK_Day4,Day 4,timepoint 1,p185#15M,C,3,mouse,EXP9.5,
EXP9.5_ATAC_library,34,15O_1_Tumor+NK_Day4,AATGGTAG,Ad2.34,TCGTCGGC,Ad1_noMX,Tumor+NK_Day4,Day 4,timepoint 1,p185#15O,D,1,mouse,EXP9.5,
EXP9.5_ATAC_library,35,15O_2_Tumor+NK_Day4,GAGCACGT,Ad2.35,TCGTCGGC,Ad1_noMX,Tumor+NK_Day4,Day 4,timepoint 1,p185#15O,D,2,mouse,EXP9.5,
EXP9.5_ATAC_library,36,15O_3_Tumor+NK_Day4,TTTCGTCA,Ad2.36,TCGTCGGC,Ad1_noMX,Tumor+NK_Day4,Day 4,timepoint 1,p185#15O,D,3,mouse,EXP9.5,
EXP9.5_ATAC_library,37,13G_1_Tumor+NK_Day10,CAAGAATT,Ad2.37,TCGTCGGC,Ad1_noMX,Tumor+NK_Day10,Day 10,timepoint 2,p185#13G,A,1,mouse,EXP9.5,
EXP9.5_ATAC_library,38,13G_2_Tumor+NK_Day10,GAAATGCC,Ad2.38,TCGTCGGC,Ad1_noMX,Tumor+NK_Day10,Day 10,timepoint 2,p185#13G,A,2,mouse,EXP9.5,
EXP9.5_ATAC_library,39,13G_3_Tumor+NK_Day10,AACGCCAT,Ad2.39,TCGTCGGC,Ad1_noMX,Tumor+NK_Day10,Day 10,timepoint 2,p185#13G,A,3,mouse,EXP9.5,
EXP9.5_ATAC_library,40,13H_1_Tumor+NK_Day10,CCTCGCAG,Ad2.40,TCGTCGGC,Ad1_noMX,Tumor+NK_Day10,Day 10,timepoint 2,p185#13H,B,1,mouse,EXP9.5,
EXP9.5_ATAC_library,41,13H_2_Tumor+NK_Day10,TACACCTC,Ad2.41,TCGTCGGC,Ad1_noMX,Tumor+NK_Day10,Day 10,timepoint 2,p185#13H,B,2,mouse,EXP9.5,
EXP9.5_ATAC_library,42,13H_3_Tumor+NK_Day10,GGTCATTT,Ad2.42,TCGTCGGC,Ad1_noMX,Tumor+NK_Day10,Day 10,timepoint 2,p185#13H,B,3,mouse,EXP9.5,
EXP9.5_ATAC_library,43,15M_1_Tumor+NK_Day10,CAATCTTA,Ad2.43,TCGTCGGC,Ad1_noMX,Tumor+NK_Day10,Day 10,timepoint 2,p185#15M,C,1,mouse,EXP9.5,
EXP9.5_ATAC_library,44,15M_2_Tumor+NK_Day10,TGTGCCTT,Ad2.44,TCGTCGGC,Ad1_noMX,Tumor+NK_Day10,Day 10,timepoint 2,p185#15M,C,2,mouse,EXP9.5,Sample 44 and 45 were pooled
EXP9.5_ATAC_library,45,15M_3_Tumor+NK_Day10,TCTTATTA,Ad2.45,TCGTCGGC,Ad1_noMX,Tumor+NK_Day10,Day 10,timepoint 2,p185#15M,C,3,mouse,EXP9.5,
EXP9.5_ATAC_library,46,15O_1_Tumor+NK_Day10,GACTTAGT,Ad2.46,TCGTCGGC,Ad1_noMX,Tumor+NK_Day10,Day 10,timepoint 2,p185#15O,D,1,mouse,EXP9.5,
EXP9.5_ATAC_library,47,15O_2_Tumor+NK_Day10,AGACCAGC,Ad2.47,TCGTCGGC,Ad1_noMX,Tumor+NK_Day10,Day 10,timepoint 2,p185#15O,D,2,mouse,EXP9.5,
EXP9.5_ATAC_library,48,15O_3_Tumor+NK_Day10,AAATACAG,Ad2.48,TCGTCGGC,Ad1_noMX,Tumor+NK_Day10,Day 10,timepoint 2,p185#15O,D,3,mouse,EXP9.5,
EXP9.5_ATAC_library,4,15M_1_9.4_Tumor_only,TCCTGAGC,Ad2.4,TCGTCGGC,Ad1_noMX,Tumor_only,Day 4,timepoint 1,p185#15M,C,1,mouse,EXP9.4,
EXP9.5_ATAC_library,5,15M_2_9.4_Tumor_only,GGACTCCT,Ad2.5,TCGTCGGC,Ad1_noMX,Tumor_only,Day 4,timepoint 1,p185#15M,C,2,mouse,EXP9.4,
EXP9.5_ATAC_library,6,15M_3_9.4_Tumor_only,TAGGCATG,Ad2.6,TCGTCGGC,Ad1_noMX,Tumor_only,Day 4,timepoint 1,p185#15M,C,3,mouse,EXP9.4,
EXP9.5_ATAC_library,13,15M_1_9.4_Tumor+NK_Day4,GTCGTGAT,Ad2.13,TCGTCGGC,Ad1_noMX,Tumor+NK_Day4,Day 4,timepoint 1,p185#15M,C,1,mouse,EXP9.4,
EXP9.5_ATAC_library,14,15M_2_9.4_Tumor+NK_Day4,ACCACTGT,Ad2.14,TCGTCGGC,Ad1_noMX,Tumor+NK_Day4,Day 4,timepoint 1,p185#15M,C,2,mouse,EXP9.4,
EXP9.5_ATAC_library,15,15M_3_9.4_Tumor+NK_Day4,TGGATCTG,Ad2.15,TCGTCGGC,Ad1_noMX,Tumor+NK_Day4,Day 4,timepoint 1,p185#15M,C,3,mouse,EXP9.4,
EXP9.5_ATAC_library,22,15M_1_9.4_Tumor+NK_Day10,TGGTCACA,Ad2.22,TCGTCGGC,Ad1_noMX,Tumor+NK_Day10,Day 10,timepoint 2,p185#15M,C,1,mouse,EXP9.4,
EXP9.5_ATAC_library,23,15M_2_9.4_Tumor+NK_Day10,TTGACCCT,Ad2.23,TCGTCGGC,Ad1_noMX,Tumor+NK_Day10,Day 10,timepoint 2,p185#15M,C,2,mouse,EXP9.4,
EXP9.5_ATAC_library,24,15M_3_9.4_Tumor+NK_Day10,CCACTCCT,Ad2.24,TCGTCGGC,Ad1_noMX,Tumor+NK_Day10,Day 10,timepoint 2,p185#15M,C,3,mouse,EXP9.4,
