sample_order_in_library,library_name,library_label,sample_name,full_sample_name,barcode_sequence_i7,library_adapter_i7,condition,day_cell_harvesting,timepoint_cell_harvesting,cell_line,cell_line_label,technical_replicate,organism,original_experiment,dnaseqI_treated,additional_info
1,R0108,R0108,4,15M_1_Tumor_only,CAGCGT,7001,Tumor_only,Day 4,timepoint 1,p185#15M,C,1,mouse,EXP 9.4,Y,
2,R0108,R0108,5,15M_2_Tumor_only,GATCAC,7002,Tumor_only,Day 4,timepoint 1,p185#15M,C,2,mouse,EXP 9.4,Y,
3,R0108,R0108,6,15M_3_Tumor_only,ACCAGT,7003,Tumor_only,Day 4,timepoint 1,p185#15M,C,3,mouse,EXP 9.4,Y,
4,R0108,R0108,7,15O_1_Tumor_only,TGCACG,7004,Tumor_only,Day 4,timepoint 1,p185#15O,D,1,mouse,EXP 9.4,Y,
5,R0108,R0108,8,15O_2_Tumor_only,ACATTA,7005,Tumor_only,Day 4,timepoint 1,p185#15O,D,2,mouse,EXP 9.4,Y,
6,R0108,R0108,9,15O_3_Tumor_only,GTGTAG,7006,Tumor_only,Day 4,timepoint 1,p185#15O,D,3,mouse,EXP 9.4,Y,
7,R0108,R0108,16,15M_1_Tumor+NK_Day10,CTAGTC,7007,Tumor+NK_Day10,Day 10,timepoint 2,p185#15M,C,1,mouse,EXP 9.4,Y,
8,R0108,R0108,17,15M_2_Tumor+NK_Day10,TGTGCA,7008,Tumor+NK_Day10,Day 10,timepoint 2,p185#15M,C,2,mouse,EXP 9.4,Y,
9,R0108,R0108,18,15M_3_Tumor+NK_Day10,TCAGGA,7009,Tumor+NK_Day10,Day 10,timepoint 2,p185#15M,C,3,mouse,EXP 9.4,Y,
10,R0108,R0108,19,15O_1_Tumor+NK_Day10,CGGTTA,7010,Tumor+NK_Day10,Day 10,timepoint 2,p185#15O,D,1,mouse,EXP 9.4,Y,
11,R0108,R0108,20,15O_2_Tumor+NK_Day10,TTAACT,7011,Tumor+NK_Day10,Day 10,timepoint 2,p185#15O,D,2,mouse,EXP 9.4,Y,
12,R0108,R0108,21,15O_3_Tumor+NK_Day10,ATGAAC,7012,Tumor+NK_Day10,Day 10,timepoint 2,p185#15O,D,3,mouse,EXP 9.4,Y,
13,R0108,R0108,25,15M_1_Tumor+NK_Day4,CCTAAG,7013,Tumor+NK_Day4,Day 4,timepoint 1,p185#15M,C,1,mouse,EXP 9.4,Y,
14,R0108,R0108,26,15M_2_Tumor+NK_Day4,AATCCG,7014,Tumor+NK_Day4,Day 4,timepoint 1,p185#15M,C,2,mouse,EXP 9.4,Y,
15,R0108,R0108,27,15M_3_Tumor+NK_Day4,GGCTGC,7015,Tumor+NK_Day4,Day 4,timepoint 1,p185#15M,C,3,mouse,EXP 9.4,Y,
16,R0108,R0108,28,15O_1_Tumor+NK_Day4,TACCTT,7016,Tumor+NK_Day4,Day 4,timepoint 1,p185#15O,D,1,mouse,EXP 9.4,Y,
17,R0108,R0108,29,15O_2_Tumor+NK_Day4,TCTTAA,7017,Tumor+NK_Day4,Day 4,timepoint 1,p185#15O,D,2,mouse,EXP 9.4,Y,
18,R0108,R0108,30,15O_3_Tumor+NK_Day4,GTCAGG,7018,Tumor+NK_Day4,Day 4,timepoint 1,p185#15O,D,3,mouse,EXP 9.4,Y,
19,R0108,R0108,34,13G_1_Tumor_only,ATACTG,7019,Tumor_only,Day 4,timepoint 1,p185#13G,A,1,mouse,EXP 9.5,Y,
20,R0108,R0108,35,13G_2_Tumor_only,TATGTC,7020,Tumor_only,Day 4,timepoint 1,p185#13G,A,2,mouse,EXP 9.5,Y,
21,R0108,R0108,36,13G_3_Tumor_only,GAGTCC,7021,Tumor_only,Day 4,timepoint 1,p185#13G,A,3,mouse,EXP 9.5,N,
22,R0108,R0108,37,13H_1_Tumor_only,GGAGGT,7022,Tumor_only,Day 4,timepoint 1,p185#13H,B,1,mouse,EXP 9.5,Y,
23,R0108,R0108,38,13H_2_Tumor_only,CACACT,7023,Tumor_only,Day 4,timepoint 1,p185#13H,B,2,mouse,EXP 9.5,N,
24,R0108,R0108,39,13H_3_Tumor_only,CCGCAA,7024,Tumor_only,Day 4,timepoint 1,p185#13H,B,3,mouse,EXP 9.5,Y,
25,R0108,R0108,40,15M_1_Tumor_only,TTTATG,7025,Tumor_only,Day 4,timepoint 1,p185#15M,C,1,mouse,EXP 9.5,Y,
26,R0108,R0108,41,15M_2_Tumor_only,AACGCC,7026,Tumor_only,Day 4,timepoint 1,p185#15M,C,2,mouse,EXP 9.5,Y,
27,R0108,R0108,42,15M_3_Tumor_only,CAAGCA,7027,Tumor_only,Day 4,timepoint 1,p185#15M,C,3,mouse,EXP 9.5,Y,
28,R0108,R0108,43,15O_1_Tumor_only,GCTCGA,7028,Tumor_only,Day 4,timepoint 1,p185#15O,D,1,mouse,EXP 9.5,Y,
29,R0108,R0108,44,15O_2_Tumor_only,GCGAAT,7029,Tumor_only,Day 4,timepoint 1,p185#15O,D,2,mouse,EXP 9.5,Y,
30,R0108,R0108,45,15O_3_Tumor_only,TGGATT,7030,Tumor_only,Day 4,timepoint 1,p185#15O,D,3,mouse,EXP 9.5,Y,
31,R0108,R0108,46,13G_1_Tumor+NK_Day4,ACCTAC,7031,Tumor+NK_Day4,Day 4,timepoint 1,p185#13G,A,1,mouse,EXP 9.5,Y,
32,R0108,R0108,47,13G_2_Tumor+NK_Day4,CGAAGG,7032,Tumor+NK_Day4,Day 4,timepoint 1,p185#13G,A,2,mouse,EXP 9.5,Y,
33,R0108,R0108,48,13G_3_Tumor+NK_Day4,AGATAG,7033,Tumor+NK_Day4,Day 4,timepoint 1,p185#13G,A,3,mouse,EXP 9.5,Y,
34,R0108,R0108,49,13H_1_Tumor+NK_Day4,TTGGTA,7034,Tumor+NK_Day4,Day 4,timepoint 1,p185#13H,B,1,mouse,EXP 9.5,Y,
35,R0108,R0108,50,13H_2_Tumor+NK_Day4,GTTACC,7035,Tumor+NK_Day4,Day 4,timepoint 1,p185#13H,B,2,mouse,EXP 9.5,Y,
36,R0108,R0108,51,13H_3_Tumor+NK_Day4,CGCAAC,7036,Tumor+NK_Day4,Day 4,timepoint 1,p185#13H,B,3,mouse,EXP 9.5,Y,
37,R0108,R0108,52,15M_1_Tumor+NK_Day4,TGGCGA,7037,Tumor+NK_Day4,Day 4,timepoint 1,p185#15M,C,1,mouse,EXP 9.5,Y,
38,R0108,R0108,53,15M_2_Tumor+NK_Day4,ACCGTG,7038,Tumor+NK_Day4,Day 4,timepoint 1,p185#15M,C,2,mouse,EXP 9.5,Y,
39,R0108,R0108,54,15M_3_Tumor+NK_Day4,CAACAG,7039,Tumor+NK_Day4,Day 4,timepoint 1,p185#15M,C,3,mouse,EXP 9.5,Y,
40,R0108,R0108,55,15O_1_Tumor+NK_Day4,GATTGT,7040,Tumor+NK_Day4,Day 4,timepoint 1,p185#15O,D,1,mouse,EXP 9.5,Y,
41,R0108,R0108,56,15O_2_Tumor+NK_Day4,CTCTCG,7041,Tumor+NK_Day4,Day 4,timepoint 1,p185#15O,D,2,mouse,EXP 9.5,Y,
42,R0108,R0108,57,15O_3_Tumor+NK_Day4,TGACAC,7042,Tumor+NK_Day4,Day 4,timepoint 1,p185#15O,D,3,mouse,EXP 9.5,Y,
43,R0108,R0108,58,13G_1_Tumor+NK_Day10,AAGACA,7043,Tumor+NK_Day10,Day 10,timepoint 2,p185#13G,A,1,mouse,EXP 9.5,Y,
44,R0108,R0108,59,13G_2_Tumor+NK_Day10,ACAGAT,7044,Tumor+NK_Day10,Day 10,timepoint 2,p185#13G,A,2,mouse,EXP 9.5,Y,
45,R0108,R0108,60,13G_3_Tumor+NK_Day10,TAGGCT,7045,Tumor+NK_Day10,Day 10,timepoint 2,p185#13G,A,3,mouse,EXP 9.5,Y,
46,R0108,R0108,61,13H_1_Tumor+NK_Day10,CTCCAT,7046,Tumor+NK_Day10,Day 10,timepoint 2,p185#13H,B,1,mouse,EXP 9.5,Y,
47,R0108,R0108,62,13H_2_Tumor+NK_Day10,GCATGG,7047,Tumor+NK_Day10,Day 10,timepoint 2,p185#13H,B,2,mouse,EXP 9.5,Y,
48,R0108,R0108,63,13H_3_Tumor+NK_Day10,AATAGC,7048,Tumor+NK_Day10,Day 10,timepoint 2,p185#13H,B,3,mouse,EXP 9.5,Y,
49,R0108,R0108,64,15M_1_Tumor+NK_Day10,GTGCCA,7049,Tumor+NK_Day10,Day 10,timepoint 2,p185#15M,C,1,mouse,EXP 9.5,Y,
50,R0108,R0108,65,15M_2_Tumor+NK_Day10,TCGAGG,7050,Tumor+NK_Day10,Day 10,timepoint 2,p185#15M,C,2,mouse,EXP 9.5,Y,
51,R0108,R0108,66,15M_3_Tumor+NK_Day10,CACTAA,7051,Tumor+NK_Day10,Day 10,timepoint 2,p185#15M,C,3,mouse,EXP 9.5,Y,
52,R0108,R0108,67,15O_1_Tumor+NK_Day10,GGTATA,7052,Tumor+NK_Day10,Day 10,timepoint 2,p185#15O,D,1,mouse,EXP 9.5,Y,
53,R0108,R0108,68,15O_2_Tumor+NK_Day10,CGCCTG,7053,Tumor+NK_Day10,Day 10,timepoint 2,p185#15O,D,2,mouse,EXP 9.5,Y,
54,R0108,R0108,69,15O_3_Tumor+NK_Day10,AATGAA,7054,Tumor+NK_Day10,Day 10,timepoint 2,p185#15O,D,3,mouse,EXP 9.5,Y,
55,R0108,R0108,70,13G_1_Tumor_only,ACAACG,7055,Tumor_only,Day 4,timepoint 1,p185#13G,A,1,mouse,EXP 9.6,Y,
56,R0108,R0108,71,13G_2_Tumor_only,ATATCC,7056,Tumor_only,Day 4,timepoint 1,p185#13G,A,2,mouse,EXP 9.6,Y,
57,R0108,R0108,72,13G_3_Tumor_only,AGTACT,7057,Tumor_only,Day 4,timepoint 1,p185#13G,A,3,mouse,EXP 9.6,Y,
58,R0108,R0108,73,13H_1_Tumor_only,ATAAGA,7058,Tumor_only,Day 4,timepoint 1,p185#13H,B,1,mouse,EXP 9.6,Y,
59,R0108,R0108,74,13H_2_Tumor_only,GGTGAG,7059,Tumor_only,Day 4,timepoint 1,p185#13H,B,2,mouse,EXP 9.6,Y,
60,R0108,R0108,75,13H_3_Tumor_only,TTCCGC,7060,Tumor_only,Day 4,timepoint 1,p185#13H,B,3,mouse,EXP 9.6,Y,
61,R0108,R0108,76,15M_1_Tumor_only,GAAGTG,7061,Tumor_only,Day 4,timepoint 1,p185#15M,C,1,mouse,EXP 9.6,Y,
62,R0108,R0108,77,15M_2_Tumor_only,CAATGC,7062,Tumor_only,Day 4,timepoint 1,p185#15M,C,2,mouse,EXP 9.6,Y,
63,R0108,R0108,78,15M_3_Tumor_only,ACGTCT,7063,Tumor_only,Day 4,timepoint 1,p185#15M,C,3,mouse,EXP 9.6,Y,
64,R0108,R0108,79,15O_1_Tumor_only,CAGGAC,7064,Tumor_only,Day 4,timepoint 1,p185#15O,D,1,mouse,EXP 9.6,Y,
65,R0108,R0108,80,15O_2_Tumor_only,AAGCTC,7065,Tumor_only,Day 4,timepoint 1,p185#15O,D,2,mouse,EXP 9.6,Y,
66,R0108,R0108,81,15O_3_Tumor_only,GACGAT,7066,Tumor_only,Day 4,timepoint 1,p185#15O,D,3,mouse,EXP 9.6,Y,
67,R0108,R0108,82,13G_1_Tumor+NK_Day4,TCGTTC,7067,Tumor+NK_Day4,Day 4,timepoint 1,p185#13G,A,1,mouse,EXP 9.6,Y,
68,R0108,R0108,83,13G_2_Tumor+NK_Day4,CCAATT,7068,Tumor+NK_Day4,Day 4,timepoint 1,p185#13G,A,2,mouse,EXP 9.6,Y,
69,R0108,R0108,84,13G_3_Tumor+NK_Day4,AGTTGA,7069,Tumor+NK_Day4,Day 4,timepoint 1,p185#13G,A,3,mouse,EXP 9.6,Y,
70,R0108,R0108,85,13H_1_Tumor+NK_Day4,AACCGA,7070,Tumor+NK_Day4,Day 4,timepoint 1,p185#13H,B,1,mouse,EXP 9.6,Y,
71,R0108,R0108,86,13H_2_Tumor+NK_Day4,CAGATG,7071,Tumor+NK_Day4,Day 4,timepoint 1,p185#13H,B,2,mouse,EXP 9.6,Y,
72,R0108,R0108,87,13H_3_Tumor+NK_Day4,GTAGAA,7072,Tumor+NK_Day4,Day 4,timepoint 1,p185#13H,B,3,mouse,EXP 9.6,Y,
73,R0108,R0108,88,15M_1_Tumor+NK_Day4,GACATC,7073,Tumor+NK_Day4,Day 4,timepoint 1,p185#15M,C,1,mouse,EXP 9.6,Y,
74,R0108,R0108,89,15M_2_Tumor+NK_Day4,CGATCT,7074,Tumor+NK_Day4,Day 4,timepoint 1,p185#15M,C,2,mouse,EXP 9.6,Y,
75,R0108,R0108,90,15M_3_Tumor+NK_Day4,CGTCGC,7075,Tumor+NK_Day4,Day 4,timepoint 1,p185#15M,C,3,mouse,EXP 9.6,Y,
76,R0108,R0108,91,15O_1_Tumor+NK_Day4,ATGGCG,7076,Tumor+NK_Day4,Day 4,timepoint 1,p185#15O,D,1,mouse,EXP 9.6,Y,
77,R0108,R0108,92,15O_2_Tumor+NK_Day4,ATTGGT,7077,Tumor+NK_Day4,Day 4,timepoint 1,p185#15O,D,2,mouse,EXP 9.6,Y,
78,R0108,R0108,93,15O_3_Tumor+NK_Day4,GCCACA,7078,Tumor+NK_Day4,Day 4,timepoint 1,p185#15O,D,3,mouse,EXP 9.6,Y,
79,R0108,R0108,94,13G_1_Tumor+NK_Day14,CATCTA,7079,Tumor+NK_Day14,Day 14,timepoint 2,p185#13G,A,1,mouse,EXP 9.6,Y,
80,R0108,R0108,95,13G_2_Tumor+NK_Day14,AACAAG,7080,Tumor+NK_Day14,Day 14,timepoint 2,p185#13G,A,2,mouse,EXP 9.6,Y,
81,R0108,R0108,96,13G_3_Tumor+NK_Day14,GCAGCC,7081,Tumor+NK_Day14,Day 14,timepoint 2,p185#13G,A,3,mouse,EXP 9.6,Y,
82,R0108,R0108,97,13H_1_Tumor+NK_Day14,ACTCTT,7082,Tumor+NK_Day14,Day 14,timepoint 2,p185#13H,B,1,mouse,EXP 9.6,Y,
83,R0108,R0108,98,13H_2_Tumor+NK_Day14,TGCTAT,7083,Tumor+NK_Day14,Day 14,timepoint 2,p185#13H,B,2,mouse,EXP 9.6,Y,
84,R0108,R0108,99,13H_3_Tumor+NK_Day14,AAGTGG,7084,Tumor+NK_Day14,Day 14,timepoint 2,p185#13H,B,3,mouse,EXP 9.6,Y,
85,R0108,R0108,100,15M_1_Tumor+NK_Day14,CTCATA,7085,Tumor+NK_Day14,Day 14,timepoint 2,p185#15M,C,1,mouse,EXP 9.6,Y,
86,R0108,R0108,101,15M_2_Tumor+NK_Day14,CCGACC,7086,Tumor+NK_Day14,Day 14,timepoint 2,p185#15M,C,2,mouse,EXP 9.6,Y,
87,R0108,R0108,102,15M_3_Tumor+NK_Day14,GGCCAA,7087,Tumor+NK_Day14,Day 14,timepoint 2,p185#15M,C,3,mouse,EXP 9.6,Y,
88,R0108,R0108,103,15O_1_Tumor+NK_Day14,AGACCA,7088,Tumor+NK_Day14,Day 14,timepoint 2,p185#15O,D,1,mouse,EXP 9.6,Y,"There was not enough material for rep 3, only duplicates for this condition"
89,R0108,R0108,104,15O_2_Tumor+NK_Day14,CGCGGA,7089,Tumor+NK_Day14,Day 14,timepoint 2,p185#15O,D,2,mouse,EXP 9.6,Y,"There was not enough material for rep 3, only duplicates for this condition"
90,R0108,R0108,106,13G_Tumor_only_Day14,CCTGCT,7090,Tumor_only_Day14,Day 14,timepoint 2,p185#13G,A,1,mouse,EXP 9.6,Y,
91,R0108,R0108,107,13H_Tumor_only_Day14,GCGCTG,7091,Tumor_only_Day14,Day 14,timepoint 2,p185#13H,B,1,mouse,EXP 9.6,Y,
92,R0108,R0108,108,15M_Tumor_only_Day14,GAACCT,7092,Tumor_only_Day14,Day 14,timepoint 2,p185#15M,C,1,mouse,EXP 9.6,Y,
93,R0108,R0108,109,15O_Tumor_only_Day14,TTCGAG,7093,Tumor_only_Day14,Day 14,timepoint 2,p185#15O,D,1,mouse,EXP 9.6,Y,
1,R0114_L5311,R0114_L5311,1,13G_1_Tumor_only,CAGCGT,,Tumor_only,Day 6,timepoint 1,p185#13G,A,1,mouse,EXP 9.7,Y,
2,R0114_L5311,R0114_L5311,2,13G_2_Tumor_only,GATCAC,,Tumor_only,Day 6,timepoint 1,p185#13G,A,2,mouse,EXP 9.7,Y,
3,R0114_L5311,R0114_L5311,3,13G_3_Tumor_only,ACCAGT,,Tumor_only,Day 6,timepoint 1,p185#13G,A,3,mouse,EXP 9.7,Y,
4,R0114_L5311,R0114_L5311,4,13H_1_Tumor_only,TGCACG,,Tumor_only,Day 6,timepoint 1,p185#13H,B,1,mouse,EXP 9.7,Y,
5,R0114_L5311,R0114_L5311,5,13H_2_Tumor_only,ACATTA,,Tumor_only,Day 6,timepoint 1,p185#13H,B,2,mouse,EXP 9.7,Y,
6,R0114_L5311,R0114_L5311,6,13H_3_Tumor_only,GTGTAG,,Tumor_only,Day 6,timepoint 1,p185#13H,B,3,mouse,EXP 9.7,Y,
7,R0114_L5311,R0114_L5311,7,15M_1_Tumor_only,CTAGTC,,Tumor_only,Day 6,timepoint 1,p185#15M,C,1,mouse,EXP 9.7,Y,
8,R0114_L5311,R0114_L5311,8,15M_2_Tumor_only,TGTGCA,,Tumor_only,Day 6,timepoint 1,p185#15M,C,2,mouse,EXP 9.7,Y,
9,R0114_L5311,R0114_L5311,9,15M_3_Tumor_only,TCAGGA,,Tumor_only,Day 6,timepoint 1,p185#15M,C,3,mouse,EXP 9.7,Y,
10,R0114_L5311,R0114_L5311,10,15O_1_Tumor_only,CGGTTA,,Tumor_only,Day 6,timepoint 1,p185#15O,D,1,mouse,EXP 9.7,Y,
11,R0114_L5311,R0114_L5311,11,15O_2_Tumor_only,TTAACT,,Tumor_only,Day 6,timepoint 1,p185#15O,D,2,mouse,EXP 9.7,Y,
12,R0114_L5311,R0114_L5311,12,15O_3_Tumor_only,ATGAAC,,Tumor_only,Day 6,timepoint 1,p185#15O,D,3,mouse,EXP 9.7,Y,
13,R0114_L5311,R0114_L5311,13,13G_1_Tumor+NK_Day6,CCTAAG,,Tumor+NK_Day6,Day 6,timepoint 1,p185#13G,A,1,mouse,EXP 9.7,Y,
14,R0114_L5311,R0114_L5311,14,13G_2_Tumor+NK_Day6,AATCCG,,Tumor+NK_Day6,Day 6,timepoint 1,p185#13G,A,2,mouse,EXP 9.7,Y,
15,R0114_L5311,R0114_L5311,15,13G_3_Tumor+NK_Day6,GGCTGC,,Tumor+NK_Day6,Day 6,timepoint 1,p185#13G,A,3,mouse,EXP 9.7,Y,
16,R0114_L5311,R0114_L5311,16,13H_1_Tumor+NK_Day6,TACCTT,,Tumor+NK_Day6,Day 6,timepoint 1,p185#13H,B,1,mouse,EXP 9.7,Y,
17,R0114_L5311,R0114_L5311,17,13H_2_Tumor+NK_Day6,TCTTAA,,Tumor+NK_Day6,Day 6,timepoint 1,p185#13H,B,2,mouse,EXP 9.7,Y,
18,R0114_L5311,R0114_L5311,18,13H_3_Tumor+NK_Day6,GTCAGG,,Tumor+NK_Day6,Day 6,timepoint 1,p185#13H,B,3,mouse,EXP 9.7,Y,
19,R0114_L5311,R0114_L5311,19,15M_1_Tumor+NK_Day6,ATACTG,,Tumor+NK_Day6,Day 6,timepoint 1,p185#15M,C,1,mouse,EXP 9.7,Y,
20,R0114_L5311,R0114_L5311,20,15M_2_Tumor+NK_Day6,TATGTC,,Tumor+NK_Day6,Day 6,timepoint 1,p185#15M,C,2,mouse,EXP 9.7,Y,
21,R0114_L5311,R0114_L5311,21,15M_3_Tumor+NK_Day6,GAGTCC,,Tumor+NK_Day6,Day 6,timepoint 1,p185#15M,C,3,mouse,EXP 9.7,Y,
22,R0114_L5311,R0114_L5311,22,15O_1_Tumor+NK_Day6,GGAGGT,,Tumor+NK_Day6,Day 6,timepoint 1,p185#15O,D,1,mouse,EXP 9.7,Y,
23,R0114_L5311,R0114_L5311,23,15O_2_Tumor+NK_Day6,CACACT,,Tumor+NK_Day6,Day 6,timepoint 1,p185#15O,D,2,mouse,EXP 9.7,Y,
24,R0114_L5311,R0114_L5311,24,15O_3_Tumor+NK_Day6,CCGCAA,,Tumor+NK_Day6,Day 6,timepoint 1,p185#15O,D,3,mouse,EXP 9.7,Y,
25,R0114_L5311,R0114_L5311,25,13G_1_Tumor+NK_Day16,TTTATG,,Tumor+NK_Day16,Day 16,timepoint 2,p185#13G,A,1,mouse,EXP 9.7,Y,
26,R0114_L5311,R0114_L5311,26,13G_2_Tumor+NK_Day16,AACGCC,,Tumor+NK_Day16,Day 16,timepoint 2,p185#13G,A,2,mouse,EXP 9.7,N,
27,R0114_L5311,R0114_L5311,27,13G_3_Tumor+NK_Day16,CAAGCA,,Tumor+NK_Day16,Day 16,timepoint 2,p185#13G,A,3,mouse,EXP 9.7,Y,
28,R0114_L5311,R0114_L5311,28,13H_1_Tumor+NK_Day16,GCTCGA,,Tumor+NK_Day16,Day 16,timepoint 2,p185#13H,B,1,mouse,EXP 9.7,Y,
29,R0114_L5311,R0114_L5311,29,13H_2_Tumor+NK_Day16,GCGAAT,,Tumor+NK_Day16,Day 16,timepoint 2,p185#13H,B,2,mouse,EXP 9.7,Y,
30,R0114_L5311,R0114_L5311,30,13H_3_Tumor+NK_Day16,TGGATT,,Tumor+NK_Day16,Day 16,timepoint 2,p185#13H,B,3,mouse,EXP 9.7,Y,
31,R0114_L5311,R0114_L5311,31,15M_1_Tumor+NK_Day16,ACCTAC,,Tumor+NK_Day16,Day 16,timepoint 2,p185#15M,C,1,mouse,EXP 9.7,Y,
32,R0114_L5311,R0114_L5311,32,15M_2_Tumor+NK_Day16,CGAAGG,,Tumor+NK_Day16,Day 16,timepoint 2,p185#15M,C,2,mouse,EXP 9.7,Y,
33,R0114_L5311,R0114_L5311,33,15M_3_Tumor+NK_Day16,AGATAG,,Tumor+NK_Day16,Day 16,timepoint 2,p185#15M,C,3,mouse,EXP 9.7,Y,
34,R0114_L5311,R0114_L5311,34,15O_1_Tumor+NK_Day16,TTGGTA,,Tumor+NK_Day16,Day 16,timepoint 2,p185#15O,D,1,mouse,EXP 9.7,Y,
35,R0114_L5311,R0114_L5311,35,15O_2_Tumor+NK_Day16,GTTACC,,Tumor+NK_Day16,Day 16,timepoint 2,p185#15O,D,2,mouse,EXP 9.7,Y,
36,R0114_L5311,R0114_L5311,36,15O_3_Tumor+NK_Day16,CGCAAC,,Tumor+NK_Day16,Day 16,timepoint 2,p185#15O,D,3,mouse,EXP 9.7,Y,
37,R0114_L5311,R0114_L5311,37,13G_Tumor_only_Day16,TGGCGA,,Tumor_only_Day16,Day 16,timepoint 2,p185#13G,A,1,mouse,EXP 9.7,Y,
38,R0114_L5311,R0114_L5311,38,13H_Tumor_only_Day16,ACCGTG,,Tumor_only_Day16,Day 16,timepoint 2,p185#13H,B,1,mouse,EXP 9.7,Y,
39,R0114_L5311,R0114_L5311,39,15M_Tumor_only_Day16,CAACAG,,Tumor_only_Day16,Day 16,timepoint 2,p185#15M,C,1,mouse,EXP 9.7,Y,
40,R0114_L5311,R0114_L5311,40,15O_Tumor_only_Day16,GATTGT,,Tumor_only_Day16,Day 16,timepoint 2,p185#15O,D,1,mouse,EXP 9.7,Y,
1,R0128_L5464,R0128_L5464,R1,13G_1_Tumor_only_Day0,CAGCGT,,Tumor_only_Day0,Day0,timepoint 0,p185#13G,A,1,mouse,EXP 9.8,Y,
2,R0128_L5464,R0128_L5464,R2,13G_2_Tumor_only_Day0,GATCAC,,Tumor_only_Day0,Day0,timepoint 0,p185#13G,A,2,mouse,EXP 9.8,Y,
3,R0128_L5464,R0128_L5464,R3,13G_3_Tumor_only_Day0,ACCAGT,,Tumor_only_Day0,Day0,timepoint 0,p185#13G,A,3,mouse,EXP 9.8,Y,
4,R0128_L5464,R0128_L5464,R4,15O_1_Tumor_only_Day0,TGCACG,,Tumor_only_Day0,Day0,timepoint 0,p185#15O,D,1,mouse,EXP 9.8,Y,
5,R0128_L5464,R0128_L5464,R5,15O_2_Tumor_only_Day0,ACATTA,,Tumor_only_Day0,Day0,timepoint 0,p185#15O,D,2,mouse,EXP 9.8,Y,
6,R0128_L5464,R0128_L5464,R6,15O_3_Tumor_only_Day0,GTGTAG,,Tumor_only_Day0,Day0,timepoint 0,p185#15O,D,3,mouse,EXP 9.8,Y,
7,R0128_L5464,R0128_L5464,R7,13G_1_Tumor_only_Day4,CTAGTC,,Tumor_only_Day4,Day4,timepoint 1,p185#13G,A,1,mouse,EXP 9.8,Y,
8,R0128_L5464,R0128_L5464,R8,13G_2_Tumor_only_Day4,TGTGCA,,Tumor_only_Day4,Day4,timepoint 1,p185#13G,A,2,mouse,EXP 9.8,Y,
9,R0128_L5464,R0128_L5464,R9,13G_3_Tumor_only_Day4,TCAGGA,,Tumor_only_Day4,Day4,timepoint 1,p185#13G,A,3,mouse,EXP 9.8,Y,
10,R0128_L5464,R0128_L5464,R10,15O_1_Tumor_only_Day4,CGGTTA,,Tumor_only_Day4,Day4,timepoint 1,p185#15O,D,1,mouse,EXP 9.8,Y,
11,R0128_L5464,R0128_L5464,R11,15O_2_Tumor_only_Day4,TTAACT,,Tumor_only_Day4,Day4,timepoint 1,p185#15O,D,2,mouse,EXP 9.8,Y,
12,R0128_L5464,R0128_L5464,R12,15O_3_Tumor_only_Day4,ATGAAC,,Tumor_only_Day4,Day4,timepoint 1,p185#15O,D,3,mouse,EXP 9.8,Y,
13,R0128_L5464,R0128_L5464,R13,13G_1_Tumor_only_Day14,CCTAAG,,Tumor_only_Day14,Day14,timepoint 2,p185#13G,A,1,mouse,EXP 9.8,Y,
14,R0128_L5464,R0128_L5464,R14,13G_2_Tumor_only_Day14,AATCCG,,Tumor_only_Day14,Day14,timepoint 2,p185#13G,A,2,mouse,EXP 9.8,Y,
15,R0128_L5464,R0128_L5464,R15,13G_3_Tumor_only_Day14,GGCTGC,,Tumor_only_Day14,Day14,timepoint 2,p185#13G,A,3,mouse,EXP 9.8,Y,
16,R0128_L5464,R0128_L5464,R16,15O_1_Tumor_only_Day14,TACCTT,,Tumor_only_Day14,Day14,timepoint 2,p185#15O,D,1,mouse,EXP 9.8,Y,
17,R0128_L5464,R0128_L5464,R17,15O_2_Tumor_only_Day14,TCTTAA,,Tumor_only_Day14,Day14,timepoint 2,p185#15O,D,2,mouse,EXP 9.8,Y,
18,R0128_L5464,R0128_L5464,R18,15O_3_Tumor_only_Day14,GTCAGG,,Tumor_only_Day14,Day14,timepoint 2,p185#15O,D,3,mouse,EXP 9.8,Y,
19,R0128_L5464,R0128_L5464,R19,13G_1_Tumor+IFNg_Day14,ATACTG,,Tumor+IFNg_Day14,Day14,timepoint 2,p185#13G,A,1,mouse,EXP 9.8,Y,
20,R0128_L5464,R0128_L5464,R20,13G_2_Tumor+IFNg_Day14,TATGTC,,Tumor+IFNg_Day14,Day14,timepoint 2,p185#13G,A,2,mouse,EXP 9.8,Y,
21,R0128_L5464,R0128_L5464,R21,13G_3_Tumor+IFNg_Day14,GAGTCC,,Tumor+IFNg_Day14,Day14,timepoint 2,p185#13G,A,3,mouse,EXP 9.8,Y,
22,R0128_L5464,R0128_L5464,R22,15O_1_Tumor+IFNg_Day14,GGAGGT,,Tumor+IFNg_Day14,Day14,timepoint 2,p185#15O,D,1,mouse,EXP 9.8,Y,
23,R0128_L5464,R0128_L5464,R23,15O_2_Tumor+IFNg_Day14,CACACT,,Tumor+IFNg_Day14,Day14,timepoint 2,p185#15O,D,2,mouse,EXP 9.8,Y,
24,R0128_L5464,R0128_L5464,R24,15O_3_Tumor+IFNg_Day14,CCGCAA,,Tumor+IFNg_Day14,Day14,timepoint 2,p185#15O,D,3,mouse,EXP 9.8,Y,
25,R0128_L5464,R0128_L5464,R25,13G_1_Tumor+WT_NK_Day14,TTTATG,,Tumor+WT_NK_Day14,Day14,timepoint 2,p185#13G,A,1,mouse,EXP 9.8,Y,
26,R0128_L5464,R0128_L5464,R26,13G_2_Tumor+WT_NK_Day14,AACGCC,,Tumor+WT_NK_Day14,Day14,timepoint 2,p185#13G,A,2,mouse,EXP 9.8,Y,
27,R0128_L5464,R0128_L5464,R27,13G_3_Tumor+WT_NK_Day14,CAAGCA,,Tumor+WT_NK_Day14,Day14,timepoint 2,p185#13G,A,3,mouse,EXP 9.8,Y,
28,R0128_L5464,R0128_L5464,R28,15O_1_Tumor+WT_NK_Day14,GCTCGA,,Tumor+WT_NK_Day14,Day14,timepoint 2,p185#15O,D,1,mouse,EXP 9.8,Y,
29,R0128_L5464,R0128_L5464,R29,15O_2_Tumor+WT_NK_Day14,GCGAAT,,Tumor+WT_NK_Day14,Day14,timepoint 2,p185#15O,D,2,mouse,EXP 9.8,Y,
30,R0128_L5464,R0128_L5464,R30,15O_3_Tumor+WT_NK_Day14,TGGATT,,Tumor+WT_NK_Day14,Day14,timepoint 2,p185#15O,D,3,mouse,EXP 9.8,Y,
31,R0128_L5464,R0128_L5464,R31,13G_1_Tumor+PrfKO_NK_Day14,ACCTAC,,Tumor+PrfKO_NK_Day14,Day14,timepoint 2,p185#13G,A,1,mouse,EXP 9.8,Y,
32,R0128_L5464,R0128_L5464,R32,13G_2_Tumor+PrfKO_NK_Day14,CGAAGG,,Tumor+PrfKO_NK_Day14,Day14,timepoint 2,p185#13G,A,2,mouse,EXP 9.8,Y,
33,R0128_L5464,R0128_L5464,R33,13G_3_Tumor+PrfKO_NK_Day14,AGATAG,,Tumor+PrfKO_NK_Day14,Day14,timepoint 2,p185#13G,A,3,mouse,EXP 9.8,Y,
34,R0128_L5464,R0128_L5464,R34,15O_1_Tumor+PrfKO_NK_Day14,TTGGTA,,Tumor+PrfKO_NK_Day14,Day14,timepoint 2,p185#15O,D,1,mouse,EXP 9.8,Y,
35,R0128_L5464,R0128_L5464,R35,15O_2_Tumor+PrfKO_NK_Day14,GTTACC,,Tumor+PrfKO_NK_Day14,Day14,timepoint 2,p185#15O,D,2,mouse,EXP 9.8,Y,
36,R0128_L5464,R0128_L5464,R36,15O_3_Tumor+PrfKO_NK_Day14,CGCAAC,,Tumor+PrfKO_NK_Day14,Day14,timepoint 2,p185#15O,D,3,mouse,EXP 9.8,Y,
